candidate_id,family,label,target_q20,target_q35,target_q65,target_q80,valid_expiries,gated_trades,gate_rate,mean_net_pnl_per_valid_expiry,mean_net_pnl_per_gated_trade,median_net_pnl_per_gated_trade,win_rate,mean_es95_inr_proxy,mean_es99_inr_proxy,mean_shock9p3_gross_loss_inr,p05_realized_net_pnl_inr,p01_realized_net_pnl_inr,common_gated_n,common_gate_mean_delta_pnl_inr,common_gate_mean_delta_es99_inr,session_ev_retention,gated_ev_retention,win_delta_pp,es99_reduction_pct,shock_reduction_pct
Q18p0_33p0_67p0_82p0,COMBINED_SYMMETRIC,outer_+2.0pp_inner_+2.0pp,0.18,0.33,0.67,0.82,98,62,0.6326530612244898,883.1610446428622,1395.9642318548465,2411.107031250046,0.6935483870967742,11437.256852068458,11979.028833974524,111493.52831854833,-17648.791390624898,-31320.745014375076,53,-253.2650353773582,-313.83745477096693,0.9589168632313259,0.8197192540525847,-8.003651856360317,5.589748077113765,-0.1182652671763984
Q22p0_33p0_67p0_78p0,COMBINED_SYMMETRIC,outer_-2.0pp_inner_+2.0pp,0.22,0.33,0.67,0.78,98,58,0.5918367346938775,984.9979496173531,1664.3068803879414,3649.979250000047,0.7758620689655172,11638.048054653014,12080.965355085202,113552.74809482755,-22165.551865624904,-35399.97822687508,52,221.28118028846305,-295.26433071890443,1.0694891377577855,0.9772917982959072,0.22771633051398288,4.786356352159659,-1.9673906371790784
Q19p0_33p0_67p0_81p0,COMBINED_SYMMETRIC,outer_+1.0pp_inner_+2.0pp,0.19,0.33,0.67,0.81,98,57,0.5816326530612245,832.2391001275566,1430.8672247807117,1750.3375000000003,0.7368421052631579,11650.844163561906,12118.341247399489,111331.07113157892,-21729.600337499938,-35468.87075250008,53,-61.31254009433947,-291.2306021743687,0.9036269344007324,0.8402145179515582,-3.6742800397219555,4.491785944312687,0.027617027382365045
Q19p0_34p0_66p0_81p0,COMBINED_SYMMETRIC,outer_+1.0pp_inner_+1.0pp,0.19,0.34,0.66,0.81,98,57,0.5816326530612245,799.954063775516,1375.3596184210621,1750.3375000000003,0.6842105263157895,11773.396595210916,12240.584723041691,111407.3613070175,-21729.600337499938,-35468.87075250008,53,-96.23955306603867,-210.3846037134045,0.8685725510854817,0.8076200913601843,-8.937437934458792,3.528349133928088,-0.04088954996817051
Q21p0_33p0_67p0_79p0,COMBINED_SYMMETRIC,outer_-1.0pp_inner_+2.0pp,0.21,0.33,0.67,0.79,98,59,0.6020408163265306,1116.3109610969445,1854.211426906789,3406.9787499999816,0.7796610169491526,11783.187103802646,12304.10794550543,113347.18908050843,-20140.861906249942,-35331.08570125008,53,278.33015801886944,-39.22990855034521,1.2120659212711349,1.0888049801249176,0.6076111288775166,3.0277039214592905,-1.7828040317138472
Q18p0_34p0_66p0_82p0,COMBINED_SYMMETRIC,outer_+2.0pp_inner_+1.0pp,0.18,0.34,0.66,0.82,98,61,0.6224489795918368,876.4691970663314,1408.098054303287,2722.663749999981,0.6721311475409836,11776.88054813768,12370.553915574685,111048.41609836061,-18009.047187499895,-31369.575050000076,53,-288.1920483490575,19.309811870502653,0.951651002122264,0.8268443133193442,-10.145375811939383,2.504023674884781,0.2814338364979574
Q21p0_36p0_64p0_79p0,COMBINED_SYMMETRIC,outer_-1.0pp_inner_-1.0pp,0.21,0.36,0.64,0.79,98,59,0.6020408163265306,963.0509846938819,1599.6440084745839,3466.1200000000003,0.7288135593220338,11905.417717989218,12372.699984955703,111689.48431355928,-21127.505656249945,-35797.56445125008,53,-47.8754410377377,44.00940375349361,1.0456596053191425,0.9393213403714331,-4.477134633834357,2.4871098704592254,-0.29422861307704107
Q20p0_33p0_67p0_80p0,COMBINED_SYMMETRIC|INNER_SYMMETRIC,inner_shift_+2.0pp,0.2,0.33,0.67,0.8,98,56,0.5714285714285714,934.0658386479649,1634.6152176339385,2430.4124999999995,0.75,11855.744798600872,12374.53529645229,111326.4486741071,-20708.386953124937,-35537.76327812508,53,245.51637028302036,-53.993872413913934,1.01418817041466,0.9598566612853029,-2.358490566037741,2.4726452403835086,0.03176787299941086
Q19p5_35p0_65p0_82p0,OUTER_ASYMMETRIC,put_0.5pp_call_2.0pp,0.195,0.35,0.65,0.82,98,57,0.5816326530612245,899.3258010204148,1546.209271929836,2260.163749999981,0.7017543859649122,11894.847512146996,12411.892839717422,112365.87858771927,-21298.537837499938,-35577.82657250008,53,-290.01154716981137,-128.6561855888218,0.9764682006397025,0.9079441163842846,-7.183051969546517,2.178219446793439,-0.9016129374125992
Q19p0_35p0_65p0_82p0,OUTER_ASYMMETRIC,put_1.0pp_call_2.0pp,0.19,0.35,0.65,0.82,98,57,0.5816326530612245,813.5035969387816,1398.6553070175542,2260.163749999981,0.6842105263157895,11949.380679330508,12488.955296784194,111876.25578070171,-21298.537837499938,-35577.82657250008,53,-448.7016603773598,-45.77769402644506,0.8832843365723761,0.8212994708479987,-8.937437934458792,1.5708675415341489,-0.46194449375380753
Q22p0_34p0_66p0_78p0,COMBINED_SYMMETRIC,outer_-2.0pp_inner_+1.0pp,0.22,0.34,0.66,0.78,98,58,0.5918367346938775,952.7129132653124,1609.756301724148,3622.2899999999995,0.7931034482758621,11978.630919655556,12499.579997641555,113647.08499137926,-22165.551865624904,-35399.97822687508,52,185.68249399038498,120.05507457136733,1.0344347544425347,0.9452593445767984,1.951854261548469,1.4871311470024073,-2.0521026969361422
Q19p5_35p0_65p0_81p5,OUTER_ASYMMETRIC,put_0.5pp_call_1.5pp,0.195,0.35,0.65,0.815,98,55,0.5612244897959183,897.2542723214351,1598.743976136375,2140.1,0.6909090909090909,12015.146306372717,12499.898072067801,112751.25021818177,-21310.05806874993,-35577.83730875008,53,-163.4495566037736,-187.73410189760733,0.974218980280439,0.9387928355429681,-8.26758147512865,1.4846243088331046,-1.247666557806193
Q20p0_35p0_65p0_82p0,OUTER_ASYMMETRIC,put_0.0pp_call_2.0pp,0.2,0.35,0.65,0.82,98,57,0.5816326530612245,771.6777066326598,1326.744127192994,2140.1,0.6842105263157895,11969.138667095287,12500.152369656085,112811.37858771927,-21298.537837499938,-35577.82657250008,53,-526.0400990566038,-33.73555905101632,0.8378707036030657,0.7790727594905696,-8.937437934458792,1.482620114694666,-1.3016602571914948
Q20p0_34p5_65p5_80p0,INNER_SYMMETRIC,inner_shift_+0.5pp,0.2,0.345,0.655,0.8,98,56,0.5714285714285714,810.2241855867402,1417.8923247767955,2092.57125,0.75,12015.14754200787,12513.96750254485,111340.11456696424,-20708.386953124937,-36113.20077812508,53,41.29599056603774,42.70732283153956,0.8797236237601208,0.832595572487257,-2.358490566037741,1.37373898631159,0.019496259509210745
Q20p0_36p0_64p0_80p0,COMBINED_SYMMETRIC|INNER_SYMMETRIC,inner_shift_-1.0pp,0.2,0.36,0.64,0.8,98,55,0.5612244897959183,831.6130051020456,1481.7831727272812,2140.1,0.7090909090909091,12064.814857677833,12522.560445465895,110721.7734454545,-21185.993218749933,-35993.442053750085,53,-80.68922877358676,-8.191626117914636,0.9029471341745,0.8701126929317908,-6.449399656946831,1.3060154740654362,0.5747503748157023
Q21p0_37p0_63p0_79p0,COMBINED_SYMMETRIC,outer_-1.0pp_inner_-2.0pp,0.21,0.37,0.63,0.79,98,57,0.5816326530612245,839.464084183678,1443.2891271929898,2520.4874999999993,0.7017543859649122,12072.6142431534,12541.168757576965,110457.00792982453,-21156.749437499937,-35895.50325250008,53,-16.262233490567954,205.21909900218571,0.9114716633887437,0.8475087396421648,-7.183051969546517,1.159357889497048,0.8125028661684519
Q20p5_35p0_65p0_79p5,OUTER_SYMMETRIC,outer_shift_-0.5pp,0.205,0.35,0.65,0.795,98,56,0.5714285714285714,1016.8753552295974,1779.5318716517952,2657.079374999991,0.7857142857142857,12055.22376058503,12548.155782619471,111389.26612946425,-20169.558828124937,-36829.988278125085,53,0.49179716981131416,105.52985992633025,1.1041009245695637,1.0449526607533366,1.212938005390829,1.1042910887073432,-0.024640554948862636
Q21p0_34p0_66p0_79p0,COMBINED_SYMMETRIC,outer_-1.0pp_inner_+1.0pp,0.21,0.34,0.66,0.79,98,59,0.6020408163265306,1084.0259247449037,1800.5854343220435,3001.737499999999,0.7966101694915254,12003.36474652168,12555.572004690486,113423.65586016946,-20140.861906249942,-35331.08570125008,53,243.4031450471702,190.07838010520652,1.177011537955884,1.0573154493502006,2.3025263831148,1.0458416598141729,-1.851469195025901
Q18p5_35p0_65p0_82p0,OUTER_ASYMMETRIC,put_1.5pp_call_2.0pp,0.185,0.35,0.65,0.82,98,58,0.5918367346938775,777.4289438775571,1313.5868362069068,1963.5670000000237,0.6551724137931034,11988.905195119232,12567.860773785578,111633.44384913788,-16666.999090624897,-35577.82120437508,53,-438.04851886792574,72.83721673753205,0.844115270674982,0.771346712858173,-11.8412491867274,0.9489902537302974,-0.2439057453083704
Q21p0_35p0_65p0_79p0,COMBINED_SYMMETRIC|OUTER_SYMMETRIC,outer_shift_-1.0pp,0.21,0.35,0.65,0.79,98,57,0.5816326530612245,1055.5502582908218,1814.8057072368517,3001.737499999999,0.8070175438596491,12063.834456487011,12573.566087528783,112300.70282017537,-20088.14943749994,-36761.34075250008,53,32.81378773584906,191.16335749645594,1.1460932848012606,1.0656656858678386,3.343263819927167,0.9040249969252123,-0.8430868069513986
Q20p0_34p0_66p0_80p0,COMBINED_SYMMETRIC|INNER_SYMMETRIC,inner_shift_+1.0pp,0.2,0.34,0.66,0.8,98,56,0.5714285714285714,901.7808022959241,1578.116404017867,2172.9124999999995,0.75,12042.091857122998,12576.76836876701,111407.01188839282,-20708.386953124937,-35537.76327812508,53,210.58935731132112,109.06295506627617,0.9791337870994091,0.9266801913619404,-2.358490566037741,0.8787868759874362,-0.04057578120435501
Q19p0_35p0_65p0_81p5,OUTER_ASYMMETRIC,put_1.0pp_call_1.5pp,0.19,0.35,0.65,0.815,98,55,0.5612244897959183,811.4320682398015,1445.82441250001,2140.1,0.6727272727272727,12071.662497817446,12579.762800300636,112243.82294545449,-21310.05806874993,-35577.83730875008,53,-322.13966981132205,-104.85561033523061,0.8810351162131121,0.8489974756235443,-10.085763293310468,0.8551868797462059,-0.7920101707416416
Q18p5_35p0_65p0_81p5,OUTER_ASYMMETRIC|OUTER_SYMMETRIC,outer_shift_+1.5pp,0.185,0.35,0.65,0.815,98,58,0.5918367346938775,783.5400969387817,1323.9125775862174,1752.6695000000234,0.6379310344827587,12009.983695392888,12587.47378255105,111567.26281465513,-16666.999090624897,-35577.82120437508,53,-311.48652830188803,71.44279499376418,0.8507506264345488,0.777410055190191,-13.565387117761873,0.7944143591250286,-0.18447691149239276
Q20p0_35p0_65p0_81p5,OUTER_ASYMMETRIC,put_0.0pp_call_1.5pp,0.2,0.35,0.65,0.815,98,55,0.5612244897959183,769.6061779336799,1371.2982806818295,2045.0425,0.6727272727272727,12092.138957864581,12591.367039458775,113212.95021818177,-21310.05806874993,-35577.83730875008,53,-399.4781084905661,-92.81347535980187,0.8356214832438018,0.8052352474894815,-10.085763293310468,0.7637304555671354,-1.6622610528497672
Q20p0_33p5_66p5_80p0,INNER_SYMMETRIC,inner_shift_+1.5pp,0.2,0.335,0.665,0.8,98,56,0.5714285714285714,927.250508928577,1622.6883906250098,2430.4124999999995,0.7678571428571429,12060.436656705582,12609.656531027305,111459.33331696424,-20708.386953124937,-35537.76327812508,53,257.6842865566041,143.8127114167774,1.0067882351072264,0.9528531510836248,-0.5727762803234504,0.6195855895301472,-0.08755905228627903
Q20p0_35p5_64p5_80p0,INNER_SYMMETRIC,inner_shift_-0.5pp,0.2,0.355,0.645,0.8,98,54,0.5510204081632653,775.0883271683722,1406.6417789351942,2115.8175,0.7037037037037037,12175.835873552565,12630.247608589723,111867.37031481475,-21200.61510937493,-36042.411454375084,53,-111.5878136792471,-46.79919526198425,0.8415738804648805,0.8259891789747901,-6.988120195667369,0.4573012468697457,-0.45396557834849194
Q19p5_35p0_65p0_81p0,OUTER_ASYMMETRIC,put_0.5pp_call_1.0pp,0.195,0.35,0.65,0.81,98,55,0.5612244897959183,905.5345809949042,1613.4979806818296,2045.0425,0.6909090909090909,12140.718154424383,12645.714838676196,112517.89567272723,-21310.05806874993,-36898.63580375008,53,-148.13879716981134,-36.414815794554364,0.9832095575572718,0.9474564827370073,-8.26758147512865,0.3353994542242833,-1.038120294130973
Q19p5_35p0_65p0_80p0,OUTER_ASYMMETRIC,put_0.5pp_call_0.0pp,0.195,0.35,0.65,0.8,98,53,0.5408163265306123,1048.6466485969447,1939.0070106132187,2944.4787499999816,0.7924528301886793,12175.60482783773,12659.371115856697,110907.46746698108,-20413.786999999928,-37035.930855000086,53,236.02855188679246,-28.90011527922506,1.138597497036637,1.138597497036637,1.8867924528301883,0.2277703144326515,0.4080020120532546
Q20p0_36p5_63p5_80p0,INNER_SYMMETRIC,inner_shift_-1.5pp,0.2,0.365,0.635,0.8,98,55,0.5612244897959183,843.6257602040864,1503.187718181827,2091.535,0.7272727272727273,12179.870318631587,12663.101353275064,110593.98253636359,-21185.993218749933,-35993.442053750085,53,-58.47696462264333,137.65271217462004,0.9159903197985595,0.8826815808967937,-4.631217838765012,0.19837121545048797,0.6895032607279972
Q20p0_35p0_65p0_81p0,OUTER_ASYMMETRIC,put_0.0pp_call_1.0pp,0.2,0.35,0.65,0.81,98,55,0.5612244897959183,777.8864866071492,1386.0522852272843,1750.3375000000003,0.6727272727272727,12173.54421259648,12673.564040672542,112955.73203636358,-21310.05806874993,-36898.63580375008,53,-384.16734905660377,-7.514700515329303,0.844612060520635,0.813898894683521,-10.085763293310468,0.11591169668009327,-1.4312858693822816
Q19p5_35p0_65p0_80p5,OUTER_ASYMMETRIC|OUTER_SYMMETRIC,outer_shift_+0.5pp,0.195,0.35,0.65,0.805,98,55,0.5612244897959183,1028.6409432398023,1832.851135227284,2260.163749999981,0.7636363636363637,12168.229582425542,12678.797182954242,112327.27749090904,-20250.96821874993,-36898.63580375008,53,79.49183490566035,-2.0840811663948564,1.1168757415944472,1.0762620782637398,-0.994854202401374,0.07466776213320703,-0.8669501645294231
Q20p0_35p0_65p0_80p0,COMBINED_SYMMETRIC|INNER_SYMMETRIC|OUTER_ASYMMETRIC|OUTER_SYMMETRIC,outer_shift_+0.0pp,0.2,0.35,0.65,0.8,98,53,0.5408163265306123,920.9985542091895,1702.9784587264262,2369.6800000000003,0.7735849056603774,12209.669605186133,12688.271231135923,111361.82595754712,-20413.786999999928,-37035.930855000086,53,0.0,0.0,1.0,1.0,0.0,0.0,0.0
Q20p0_35p0_65p0_80p5,OUTER_ASYMMETRIC,put_0.0pp_call_0.5pp,0.2,0.35,0.65,0.805,98,55,0.5612244897959183,900.9928488520472,1605.4054397727386,2140.1,0.7454545454545455,12201.055640597639,12706.646384950587,112765.1138545454,-20250.96821874993,-36898.63580375008,53,-156.53671698113212,26.816034112830202,0.9782782445578104,0.9427044902102534,-2.813036020583193,-0.144819995410983,-1.2601157397807317
Q18p0_35p0_65p0_82p0,COMBINED_SYMMETRIC|OUTER_ASYMMETRIC|OUTER_SYMMETRIC,outer_shift_+2.0pp,0.18,0.35,0.65,0.82,98,60,0.6122448979591837,864.7387091836787,1412.4065583333418,2290.2410937499817,0.65,12084.927554290976,12719.768165750278,112099.02438749994,-16124.822821874892,-32711.610085625078,53,-498.7814056603784,265.2134300674643,0.9389142960448857,0.8293742948396489,-12.358490566037739,-0.2482366119118229,-0.6619848620602387
Q19p0_35p0_65p0_81p0,COMBINED_SYMMETRIC|OUTER_ASYMMETRIC|OUTER_SYMMETRIC,outer_shift_+1.0pp,0.19,0.35,0.65,0.81,98,55,0.5612244897959183,819.7123769132712,1460.5784170454647,1750.3375000000003,0.6727272727272727,12197.23434586911,12725.579566909035,112010.46839999995,-21310.05806874993,-36898.63580375008,53,-306.82891037735976,46.46367576782239,0.8900256934899456,0.8576611228175837,-10.085763293310468,-0.2940379748626487,-0.5824639070664217
Q18p0_35p0_65p0_81p5,OUTER_ASYMMETRIC,put_2.0pp_call_1.5pp,0.18,0.35,0.65,0.815,98,60,0.6122448979591837,870.8498622449031,1422.3881083333413,2200.1318749999905,0.6333333333333333,12105.303437888844,12738.7274075569,112035.04938749994,-16124.822821874892,-32711.610085625078,53,-372.21941509434083,263.81900832369644,0.9455496518044523,0.8352355257605991,-14.02515723270441,-0.397659976696918,-0.6045369893714403
Q19p0_36p0_64p0_81p0,COMBINED_SYMMETRIC,outer_+1.0pp_inner_-1.0pp,0.19,0.36,0.64,0.81,98,57,0.5816326530612245,717.0105012755148,1232.7548969298323,1750.3375000000003,0.6666666666666666,12197.204366621103,12747.020581848914,111383.83378508769,-21634.809224999906,-35895.50325250008,53,-387.5181391509465,256.67106339677235,0.7785142528167941,0.7238816736717557,-10.691823899371078,-0.4630209241494265,-0.01976245212516048
Q18p0_36p0_64p0_82p0,COMBINED_SYMMETRIC,outer_+2.0pp_inner_-1.0pp,0.18,0.36,0.64,0.82,98,61,0.6224489795918368,717.5893239795959,1152.848422131154,2501.8956250001097,0.639344262295082,12137.640627187204,12749.435475551385,112547.07269672125,-15853.73468749989,-31875.900050000077,53,-579.4706344339652,341.59396061809514,0.7791427257947762,0.6769600732315267,-13.42406433652954,-0.48205341217304465,-1.0643204967077047
Q20p0_37p0_63p0_80p0,COMBINED_SYMMETRIC|INNER_SYMMETRIC,inner_shift_-2.0pp,0.2,0.37,0.63,0.8,98,55,0.5612244897959183,844.0288214285762,1503.9059000000088,2045.0425,0.7090909090909091,12251.723112538639,12750.893688959926,110638.45980909085,-21185.993218749933,-35993.442053750085,53,-49.076021226416984,236.6177836211479,0.9164279548226838,0.8831033019200407,-6.449399656946831,-0.4935460212289078,0.6495638359342415
Q18p5_35p0_65p0_81p0,OUTER_ASYMMETRIC,put_1.5pp_call_1.0pp,0.185,0.35,0.65,0.81,98,58,0.5918367346938775,791.8204056122511,1337.9034439655277,1511.5359374999907,0.6379310344827587,12170.839099304458,12779.32967589894,111502.76281465514,-16666.999090624897,-36692.69322687508,53,-296.17576886792574,281.3983009216431,0.859741203711382,0.78562558270178,-13.565387117761873,-0.7176584036095335,-0.12655760256818915
Q22p0_37p0_63p0_78p0,COMBINED_SYMMETRIC,outer_-2.0pp_inner_-2.0pp,0.22,0.37,0.63,0.78,98,55,0.5612244897959183,673.0179764030663,1199.1956670454638,2369.6800000000003,0.6727272727272727,12316.750982788099,12780.593892718178,111814.68442272722,-21550.22279374991,-35993.442053750085,52,-78.97644951923255,291.90687420263566,0.730748135626499,0.7041754761491718,-10.085763293310468,-0.7276220684477641,-0.4066550285847015
Q18p0_37p0_63p0_82p0,COMBINED_SYMMETRIC,outer_+2.0pp_inner_-2.0pp,0.18,0.37,0.63,0.82,98,60,0.6122448979591837,701.8987500000046,1146.4346250000074,2035.449968749997,0.6,12200.504056473046,12781.905517225448,111880.83232499995,-16191.61032187489,-31904.80696062508,53,-547.8574268867955,384.80913242125683,0.7621062452184697,0.6731938499429814,-17.358490566037744,-0.7379593672284912,-0.46605411054474466
Q22p0_36p0_64p0_78p0,COMBINED_SYMMETRIC,outer_-2.0pp_inner_-1.0pp,0.22,0.36,0.64,0.78,98,57,0.5816326530612245,791.9237544642907,1361.553121710535,3466.1200000000003,0.7192982456140351,12269.979026520074,12787.309842733594,112996.03536403502,-20872.673424999903,-35895.50325250008,52,-111.19760336538648,343.3255950032778,0.8598534176248211,0.7995128269143073,-5.4286660046342305,-0.7805524471658387,-1.467477200949352
Q21p5_35p0_65p0_78p5,OUTER_SYMMETRIC,outer_shift_-1.5pp,0.215,0.35,0.65,0.785,98,57,0.5816326530612245,885.0294904336807,1521.6296502193109,3466.1200000000003,0.7894736842105263,12236.225440989521,12795.36745663631,112744.71957456134,-20605.523424999905,-36761.34075250008,52,20.798014423079238,380.1111548758435,0.9609455806297184,0.8935108030416679,1.5888778550148919,-0.8440568738598664,-1.2418022110569638
Q19p0_35p0_65p0_80p0,OUTER_ASYMMETRIC,put_1.0pp_call_0.0pp,0.19,0.35,0.65,0.8,98,53,0.5408163265306123,962.8244445153113,1780.3168974056703,2944.4787499999816,0.7735849056603774,12294.214336676872,12829.223962229842,110466.12784433957,-20413.786999999928,-37035.930855000086,53,77.33843867924398,140.952731093921,1.0454136329693104,1.0454136329693104,0.0,-1.1108899591304011,0.8043134220419468
Q19p0_35p0_65p0_80p5,OUTER_ASYMMETRIC,put_1.0pp_call_0.5pp,0.19,0.35,0.65,0.805,98,55,0.5612244897959183,942.8187391581689,1679.9315715909192,2140.1,0.7454545454545455,12282.52601821599,12842.473562186546,111901.98658181813,-20250.96821874993,-36898.63580375008,53,-79.19827830188811,167.76876520675123,1.0236918775271209,0.9864667183443162,-2.813036020583193,-1.2153139560275417,-0.4850500785403167
Q22p0_35p0_65p0_78p0,COMBINED_SYMMETRIC|OUTER_SYMMETRIC,outer_shift_-2.0pp,0.22,0.35,0.65,0.78,98,57,0.5816326530612245,864.6434394132715,1486.5799484649224,3466.1200000000003,0.7894736842105263,12305.2188596832,12882.320691929403,112951.26343421047,-20605.523424999905,-36761.34075250008,52,-28.956658653846088,464.73592834691533,0.9388108542208223,0.872929390766729,1.5888778550148919,-1.5293609133866903,-1.42727318180762
Q18p5_35p0_65p0_80p0,OUTER_ASYMMETRIC,put_1.5pp_call_0.0pp,0.185,0.35,0.65,0.8,98,56,0.5714285714285714,934.9324732142913,1636.1318281250096,2320.997812500055,0.7142857142857143,12283.401775680366,12901.258134119575,110146.95101785709,-16830.928984374903,-36829.988278125085,53,87.991580188678,399.0447239906263,1.015129143190747,0.9607472248055281,-5.92991913746631,-1.6786124689784465,1.0909258439720237
Q18p5_35p0_65p0_80p5,OUTER_ASYMMETRIC,put_1.5pp_call_0.5pp,0.185,0.35,0.65,0.805,98,58,0.5918367346938775,914.926767857149,1545.9107456896654,1929.2024999999999,0.6896551724137931,12272.690872346651,12911.338472978872,111519.54729741375,-16440.051265624897,-36692.69322687508,53,-68.54513679245409,425.8607581034565,0.9934073877485573,0.9077688198391987,-8.392973324658426,-1.7580585863861575,-0.14162962802599655
Q19p0_37p0_63p0_81p0,COMBINED_SYMMETRIC,outer_+1.0pp_inner_-2.0pp,0.19,0.37,0.63,0.81,98,57,0.5816326530612245,729.4263176020454,1254.1013881579024,1304.766874999982,0.6491228070175439,12373.102266378333,12951.190632632135,111312.4434342105,-21634.809224999906,-35895.50325250008,53,-355.9049316037768,484.109992050395,0.7919950734649779,0.7364164718183125,-12.446209864283354,-2.072145185949603,0.04434421123397092
Q18p0_35p0_65p0_81p0,OUTER_ASYMMETRIC,put_2.0pp_call_1.0pp,0.18,0.35,0.65,0.81,98,60,0.6122448979591837,879.1301709183724,1435.9126125000082,2200.1318749999905,0.6333333333333333,12294.311651747284,12974.781410404323,112035.96605416661,-16124.822821874892,-33689.19779312507,53,-356.9086556603785,531.0499549434196,0.9545402290812854,0.8431772023551353,-14.02515723270441,-2.258071048838617,-0.6053601320047397
Q18p0_35p0_65p0_80p5,OUTER_ASYMMETRIC,put_2.0pp_call_0.5pp,0.18,0.35,0.65,0.805,98,59,0.6020408163265306,897.5728979591892,1490.8837966101792,2260.163749999981,0.6779661016949152,12416.404377583423,13115.42204798636,111545.97437711859,-16244.612406249895,-33806.42498625008,53,-129.27802358490675,678.3487281081088,0.9745649369991524,0.8754566383212726,-9.561880396546218,-3.3665013071461303,-0.16536045272970146
Q18p0_35p0_65p0_80p0,OUTER_ASYMMETRIC,put_2.0pp_call_0.0pp,0.18,0.35,0.65,0.8,98,57,0.5816326530612245,930.1935267857194,1599.2800986842192,2595.043437499982,0.6842105263157895,12474.907268518176,13154.82366067538,110548.72810526312,-16635.490124999902,-34040.87937250008,53,27.25869339622531,676.1901634191446,1.0099836992517597,0.9391076501814604,-8.937437934458792,-3.6770370134788566,0.7301405533651772
