candidate_id,train_valid_expiries,train_gated_trades,train_gate_rate,train_mean_pnl_per_expiry,train_mean_pnl_per_gated,train_win_rate,train_es95,train_es99,train_worst_pnl,feasible,split,selected_candidate_id
Q18p0_33p0_67p0_82p0,52,36,0.6923076923076923,223.92910456731045,323.45315104167065,0.6666666666666666,9782.370914417623,10323.902441531933,-34299.37718750011,False,split_a,Q20p5_35p0_65p0_79p5
Q18p0_34p0_66p0_82p0,52,35,0.6730769230769231,203.248563701927,301.96929464286274,0.6571428571428571,10013.565838166025,10599.08904110691,-34299.37718750011,False,split_a,Q20p5_35p0_65p0_79p5
Q18p0_35p0_65p0_80p0,52,33,0.6346153846153846,544.721730769235,858.3493939394007,0.696969696969697,10415.058752953724,11065.868050993335,-40605.60218750011,False,split_a,Q20p5_35p0_65p0_79p5
Q18p0_35p0_65p0_80p5,52,33,0.6346153846153846,461.63182692308123,727.4198484848553,0.696969696969697,10510.568082252465,11189.812745796826,-40605.60218750011,False,split_a,Q20p5_35p0_65p0_79p5
Q18p0_35p0_65p0_81p0,52,33,0.6346153846153846,372.5863461538504,587.1057575757642,0.6666666666666666,10499.737864518094,11170.09067448329,-40605.60218750011,False,split_a,Q20p5_35p0_65p0_79p5
Q18p0_35p0_65p0_81p5,52,33,0.6346153846153846,420.6153365384656,662.7878030303096,0.6363636363636364,10393.157496325066,11027.834778437547,-35578.12718750011,False,split_a,Q20p5_35p0_65p0_79p5
Q18p0_35p0_65p0_82p0,52,33,0.6346153846153846,379.7427884615426,598.3825757575825,0.6363636363636364,10420.742858613245,11073.44518498758,-35578.12718750011,False,split_a,Q20p5_35p0_65p0_79p5
Q18p0_36p0_64p0_82p0,52,34,0.6538461538461539,256.3764783653887,392.10520220588865,0.6176470588235294,10427.242386057034,11027.895950445394,-33610.31468750011,False,split_a,Q20p5_35p0_65p0_79p5
Q18p0_37p0_63p0_82p0,52,34,0.6538461538461539,324.6156610576964,496.47101102941804,0.5882352941176471,10433.40489755245,10967.615162380724,-33610.31468750011,False,split_a,Q20p5_35p0_65p0_79p5
Q18p5_35p0_65p0_80p0,52,33,0.6346153846153846,617.5334134615426,973.0829545454611,0.7272727272727273,10275.200572774134,10858.078237441205,-40605.60218750011,False,split_a,Q20p5_35p0_65p0_79p5
Q18p5_35p0_65p0_80p5,52,33,0.6346153846153846,534.4435096153888,842.1534090909156,0.7272727272727273,10394.370731358644,11017.33307781296,-40605.60218750011,False,split_a,Q20p5_35p0_65p0_79p5
Q18p5_35p0_65p0_81p0,52,33,0.6346153846153846,445.3980288461583,701.839318181825,0.696969696969697,10383.540513624275,10997.611006499426,-40605.60218750011,False,split_a,Q20p5_35p0_65p0_79p5
Q18p5_35p0_65p0_81p5,52,33,0.6346153846153846,493.4270192307734,777.5213636363702,0.6666666666666666,10276.960145431247,10855.355110453687,-35578.12718750011,False,split_a,Q20p5_35p0_65p0_79p5
Q18p5_35p0_65p0_82p0,52,33,0.6346153846153846,452.5544711538502,713.116136363643,0.6666666666666666,10304.545507719426,10900.965517003719,-35578.12718750011,False,split_a,Q20p5_35p0_65p0_79p5
Q19p0_33p0_67p0_81p0,52,35,0.6730769230769231,245.96524038461877,365.43407142857603,0.7428571428571429,9711.809808743148,10132.900118202087,-39326.85218750011,False,split_a,Q20p5_35p0_65p0_79p5
Q19p0_34p0_66p0_81p0,52,34,0.6538461538461539,199.20503605769667,304.66652573530047,0.7058823529411765,9931.470361860667,10377.309014171607,-39326.85218750011,False,split_a,Q20p5_35p0_65p0_79p5
Q19p0_35p0_65p0_80p0,52,32,0.6153846153846154,538.949308894235,875.7926269531324,0.75,10307.481414554952,10806.100981472277,-40605.60218750011,True,split_a,Q20p5_35p0_65p0_79p5
Q19p0_35p0_65p0_80p5,52,32,0.6153846153846154,455.8594050480812,740.7715332031324,0.75,10430.375640595226,10970.332535605652,-40605.60218750011,True,split_a,Q20p5_35p0_65p0_79p5
Q19p0_35p0_65p0_81p0,52,32,0.6153846153846154,366.8139242788509,596.0726269531322,0.71875,10442.108457359853,10985.995549829411,-40605.60218750011,False,split_a,Q20p5_35p0_65p0_79p5
Q19p0_35p0_65p0_81p5,52,32,0.6153846153846154,414.8429146634659,674.1197363281319,0.6875,10332.197452660794,10839.29415703224,-35578.12718750011,False,split_a,Q20p5_35p0_65p0_79p5
Q19p0_35p0_65p0_82p0,52,33,0.6346153846153846,432.2800961538502,681.1686363636427,0.696969696969697,10178.94228187053,10706.698853232398,-35578.12718750011,False,split_a,Q20p5_35p0_65p0_79p5
Q19p0_36p0_64p0_81p0,52,34,0.6538461538461539,301.7573437500042,461.5112316176533,0.7058823529411765,10306.390109647367,10829.791040548695,-38637.78968750011,False,split_a,Q20p5_35p0_65p0_79p5
Q19p0_37p0_63p0_81p0,52,34,0.6538461538461539,369.99652644231196,565.8770404411828,0.6764705882352942,10502.550356872684,11042.111152869524,-38637.78968750011,False,split_a,Q20p5_35p0_65p0_79p5
Q19p5_35p0_65p0_80p0,52,32,0.6153846153846154,672.4694050480824,1092.7627832031346,0.78125,10148.678626234429,10577.137021260325,-40605.60218750011,True,split_a,Q20p5_35p0_65p0_79p5
Q19p5_35p0_65p0_80p5,52,32,0.6153846153846154,589.3795012019287,957.7416894531345,0.78125,10271.572852274703,10741.368575393699,-40605.60218750011,True,split_a,Q20p5_35p0_65p0_79p5
Q19p5_35p0_65p0_81p0,52,32,0.6153846153846154,500.33402043269814,813.0427832031346,0.75,10382.61546400853,10901.082864772794,-40605.60218750011,True,split_a,Q20p5_35p0_65p0_79p5
Q19p5_35p0_65p0_81p5,52,32,0.6153846153846154,548.3630108173134,891.0898925781344,0.71875,10272.704459309472,10754.381471975625,-35578.12718750011,False,split_a,Q20p5_35p0_65p0_79p5
Q19p5_35p0_65p0_82p0,52,33,0.6346153846153846,565.8001923076976,891.5639393939481,0.7272727272727273,10121.25210649955,10624.359279844162,-35578.12718750011,False,split_a,Q20p5_35p0_65p0_79p5
Q20p0_33p0_67p0_80p0,52,35,0.6730769230769231,332.3207211538505,493.73364285714956,0.7428571428571429,9890.35678411734,10387.898759690988,-39326.85218750011,False,split_a,Q20p5_35p0_65p0_79p5
Q20p0_33p5_66p5_80p0,52,34,0.6538461538461539,333.5611177884669,510.15229779412607,0.7352941176470589,9956.748111348701,10422.461514454995,-39326.85218750011,False,split_a,Q20p5_35p0_65p0_79p5
Q20p0_34p0_66p0_80p0,52,34,0.6538461538461539,285.56051682692845,436.7396139705966,0.7058823529411765,9926.533147330327,10368.292776614506,-39326.85218750011,False,split_a,Q20p5_35p0_65p0_79p5
Q20p0_34p5_65p5_80p0,52,34,0.6538461538461539,137.3865084134666,210.1205422794197,0.7058823529411765,9907.879367551035,10299.73386546513,-40605.60218750011,False,split_a,Q20p5_35p0_65p0_79p5
Q20p0_35p0_65p0_80p0,52,32,0.6153846153846154,453.1694050480827,736.4002832031344,0.75,10075.153423808391,10465.948274930444,-40605.60218750011,True,split_a,Q20p5_35p0_65p0_79p5
Q20p0_35p0_65p0_80p5,52,32,0.6153846153846154,370.0795012019288,601.3791894531346,0.75,10198.047649848666,10630.17982906382,-40605.60218750011,False,split_a,Q20p5_35p0_65p0_79p5
Q20p0_35p0_65p0_81p0,52,32,0.6153846153846154,281.0340204326982,456.68028320313454,0.71875,10309.090261582494,10789.894118442915,-40605.60218750011,False,split_a,Q20p5_35p0_65p0_79p5
Q20p0_35p0_65p0_81p5,52,32,0.6153846153846154,329.0630108173134,534.7273925781345,0.6875,10275.090589151781,10752.53919741777,-35578.12718750011,False,split_a,Q20p5_35p0_65p0_79p5
Q20p0_35p0_65p0_82p0,52,33,0.6346153846153846,346.5001923076976,546.0003030303117,0.696969696969697,10123.565929376942,10622.57283178806,-35578.12718750011,False,split_a,Q20p5_35p0_65p0_79p5
Q20p0_35p5_64p5_80p0,52,33,0.6346153846153846,320.94492187500595,505.7313920454639,0.7272727272727273,10233.684928247983,10663.373844986978,-38637.78968750011,False,split_a,Q20p5_35p0_65p0_79p5
Q20p0_36p0_64p0_80p0,52,34,0.6538461538461539,388.11282451923637,593.5843198529496,0.7352941176470589,10130.974689888077,10578.356245977811,-38637.78968750011,False,split_a,Q20p5_35p0_65p0_79p5
Q20p0_36p5_63p5_80p0,52,34,0.6538461538461539,426.89287259615946,652.8949816176554,0.7352941176470589,10394.852436770107,10916.367344233478,-38637.78968750011,False,split_a,Q20p5_35p0_65p0_79p5
Q20p0_37p0_63p0_80p0,52,34,0.6538461538461539,456.35200721154405,697.950128676479,0.7352941176470589,10539.95663373695,11100.16621151941,-38637.78968750011,False,split_a,Q20p5_35p0_65p0_79p5
Q20p5_35p0_65p0_79p5,52,34,0.6538461538461539,577.3153185096212,882.9528400735387,0.7647058823529411,9959.735920360898,10372.198902710526,-40605.60218750011,True,split_a,Q20p5_35p0_65p0_79p5
Q21p0_33p0_67p0_79p0,52,36,0.6923076923076923,553.986826923082,800.203194444452,0.75,9937.836365640818,10454.722981587169,-39326.85218750011,True,split_a,Q20p5_35p0_65p0_79p5
Q21p0_34p0_66p0_79p0,52,35,0.6730769230769231,507.22662259616004,753.5938392857239,0.7428571428571429,10047.336982039351,10537.910074146885,-39326.85218750011,True,split_a,Q20p5_35p0_65p0_79p5
Q21p0_35p0_65p0_79p0,52,34,0.6538461538461539,584.9517608173138,894.6321047794211,0.7647058823529411,10095.419877147597,10557.365150034491,-40605.60218750011,True,split_a,Q20p5_35p0_65p0_79p5
Q21p0_36p0_64p0_79p0,52,36,0.6923076923076923,514.0270072115441,742.4834548611195,0.7222222222222222,10032.105304008817,10489.59307030159,-38637.78968750011,False,split_a,Q20p5_35p0_65p0_79p5
Q21p0_37p0_63p0_79p0,52,35,0.6730769230769231,432.0910456730817,641.9638392857214,0.7142857142857143,10184.33205099023,10664.502272858894,-38637.78968750011,False,split_a,Q20p5_35p0_65p0_79p5
Q21p5_35p0_65p0_78p5,52,35,0.6730769230769231,478.7537199519311,711.2912410714409,0.7428571428571429,10351.7320111456,10893.834056349397,-40605.60218750011,True,split_a,Q20p5_35p0_65p0_79p5
Q22p0_33p0_67p0_78p0,52,36,0.6923076923076923,450.78682692308223,651.1365277777854,0.75,9813.667952999647,10265.002761232136,-39326.85218750011,False,split_a,Q20p5_35p0_65p0_79p5
Q22p0_34p0_66p0_78p0,52,35,0.6730769230769231,404.02662259616005,600.2681250000096,0.7428571428571429,10112.858764743416,10612.576983963132,-39326.85218750011,False,split_a,Q20p5_35p0_65p0_79p5
Q22p0_35p0_65p0_78p0,52,35,0.6730769230769231,369.44035456731376,548.8828125000092,0.7428571428571429,10514.908333771218,11110.385949251737,-40605.60218750011,False,split_a,Q20p5_35p0_65p0_79p5
Q22p0_36p0_64p0_78p0,52,35,0.6730769230769231,335.7925180288523,498.89174107143793,0.7142857142857143,10410.642247084816,10932.537194896913,-38637.78968750011,False,split_a,Q20p5_35p0_65p0_79p5
Q22p0_37p0_63p0_78p0,52,34,0.6538461538461539,262.67867187500525,401.7438511029493,0.6764705882352942,10286.792284154486,10718.106850493565,-38637.78968750011,False,split_a,Q20p5_35p0_65p0_79p5
Q18p0_33p0_67p0_82p0,77,45,0.5844155844155844,452.9724715909102,775.0862291666685,0.6666666666666666,9917.14941071973,10488.818909335907,-34299.37718750011,False,split_b,Q22p0_33p0_67p0_78p0
Q18p0_34p0_66p0_82p0,77,44,0.5714285714285714,430.12589285714324,752.7203125000007,0.6363636363636364,10299.755689398713,10936.46315310145,-34299.37718750011,False,split_b,Q22p0_33p0_67p0_78p0
Q18p0_35p0_65p0_80p0,77,40,0.5194805194805194,384.9800689935072,741.0866328125014,0.65,10696.335255582793,11385.203506058142,-40605.60218750011,False,split_b,Q22p0_33p0_67p0_78p0
Q18p0_35p0_65p0_80p5,77,42,0.5454545454545454,375.82986607143,689.0214211309551,0.6428571428571429,10758.185957028516,11473.460676548191,-40605.60218750011,False,split_b,Q22p0_33p0_67p0_78p0
Q18p0_35p0_65p0_81p0,77,43,0.5584415584415584,412.80329139610456,739.2058938953501,0.6046511627906976,10702.809057284985,11417.177240290004,-40605.60218750011,False,split_b,Q22p0_33p0_67p0_78p0
Q18p0_35p0_65p0_81p5,77,43,0.5584415584415584,445.2384537337669,797.2874636627919,0.5813953488372093,10621.014821229872,11308.00411076653,-35578.12718750011,False,split_b,Q22p0_33p0_67p0_78p0
Q18p0_35p0_65p0_82p0,77,43,0.5584415584415584,500.5403368506501,896.316417151164,0.6046511627906976,10628.997356904985,11319.143696761668,-35578.12718750011,False,split_b,Q22p0_33p0_67p0_78p0
Q18p0_36p0_64p0_82p0,77,44,0.5714285714285714,348.8026988636371,610.4047230113647,0.5909090909090909,10564.023285760595,11171.054860021564,-33610.31468750011,False,split_b,Q22p0_33p0_67p0_78p0
Q18p0_37p0_63p0_82p0,77,43,0.5584415584415584,338.9521956168844,606.9609084302349,0.5581395348837209,10522.571935399912,11055.412223208907,-33610.31468750011,False,split_b,Q22p0_33p0_67p0_78p0
Q18p5_35p0_65p0_80p0,77,39,0.5064935064935064,425.52797483766375,840.1449759615413,0.6923076923076923,10419.433372643722,11040.082291603381,-40605.60218750011,False,split_b,Q22p0_33p0_67p0_78p0
Q18p5_35p0_65p0_80p5,77,41,0.5324675324675324,432.4331290584436,812.1305106707356,0.6585365853658537,10545.759115047844,11204.708858519587,-40605.60218750011,False,split_b,Q22p0_33p0_67p0_78p0
Q18p5_35p0_65p0_81p0,77,41,0.5324675324675324,336.1982913961062,631.3967911585406,0.6097560975609756,10481.82583710137,11124.703465684117,-40605.60218750011,False,split_b,Q22p0_33p0_67p0_78p0
Q18p5_35p0_65p0_81p5,77,41,0.5324675324675324,368.63345373376825,692.3116082317114,0.5853658536585366,10396.04163831186,11010.2048176473,-35578.12718750011,False,split_b,Q22p0_33p0_67p0_78p0
Q18p5_35p0_65p0_82p0,77,41,0.5324675324675324,423.9353368506514,796.1712423780529,0.6097560975609756,10404.413565971125,11021.887798081227,-35578.12718750011,False,split_b,Q22p0_33p0_67p0_78p0
Q19p0_33p0_67p0_81p0,77,40,0.5194805194805194,324.73272727272945,625.110500000004,0.75,9773.723337882922,10225.196664240264,-39326.85218750011,False,split_b,Q22p0_33p0_67p0_78p0
Q19p0_34p0_66p0_81p0,77,40,0.5194805194805194,269.3129991883132,518.4275234375026,0.675,9946.378111095784,10408.702594397517,-39326.85218750011,False,split_b,Q22p0_33p0_67p0_78p0
Q19p0_35p0_65p0_80p0,77,36,0.4675324675324675,469.13378246753325,1003.4250347222242,0.7777777777777778,10348.759858646117,10879.3410305437,-40605.60218750011,True,split_b,Q22p0_33p0_67p0_78p0
Q19p0_35p0_65p0_80p5,77,38,0.4935064935064935,476.0389366883132,964.6052138157927,0.7368421052631579,10488.77834460833,11065.424498061693,-40605.60218750011,False,split_b,Q22p0_33p0_67p0_78p0
Q19p0_35p0_65p0_81p0,77,38,0.4935064935064935,379.80409902597575,769.6030427631609,0.6578947368421053,10451.807198860004,11011.401323959552,-40605.60218750011,False,split_b,Q22p0_33p0_67p0_78p0
Q19p0_35p0_65p0_81p5,77,38,0.4935064935064935,412.239261363638,835.3269243421081,0.631578947368421,10359.250563323954,10887.86330897246,-35578.12718750011,False,split_b,Q22p0_33p0_67p0_78p0
Q19p0_35p0_65p0_82p0,77,40,0.5194805194805194,477.9554667207813,920.0642734375039,0.65,10253.56190931673,10807.040878384003,-35578.12718750011,False,split_b,Q22p0_33p0_67p0_78p0
Q19p0_36p0_64p0_81p0,77,40,0.5194805194805194,284.63601866883255,547.9243359375025,0.65,10408.68911484547,10961.683103546322,-38637.78968750011,False,split_b,Q22p0_33p0_67p0_78p0
Q19p0_37p0_63p0_81p0,77,40,0.5194805194805194,310.5572849025988,597.8227734375025,0.625,10615.70113542783,11194.294420287008,-38637.78968750011,False,split_b,Q22p0_33p0_67p0_78p0
Q19p5_35p0_65p0_80p0,77,36,0.4675324675324675,559.3031980519498,1196.2873958333373,0.8055555555555556,10207.60182458343,10675.817510355299,-40605.60218750011,True,split_b,Q22p0_33p0_67p0_78p0
Q19p5_35p0_65p0_80p5,77,38,0.4935064935064935,566.2083522727297,1147.3169243421103,0.7631578947368421,10355.049680759468,10872.612742093734,-40605.60218750011,True,split_b,Q22p0_33p0_67p0_78p0
Q19p5_35p0_65p0_81p0,77,38,0.4935064935064935,469.973514610392,952.3147532894786,0.6842105263157895,10401.707836037836,10939.895904964505,-40605.60218750011,False,split_b,Q22p0_33p0_67p0_78p0
Q19p5_35p0_65p0_81p5,77,38,0.4935064935064935,502.4086769480543,1018.0386348684258,0.6578947368421053,10309.151200501788,10816.357889977415,-35578.12718750011,False,split_b,Q22p0_33p0_67p0_78p0
Q19p5_35p0_65p0_82p0,77,40,0.5194805194805194,568.1248823051978,1093.6403984375058,0.675,10205.967514635671,10739.11073033871,-35578.12718750011,False,split_b,Q22p0_33p0_67p0_78p0
Q20p0_33p0_67p0_80p0,77,39,0.5064935064935064,356.8211120129893,704.4929647435943,0.7692307692307693,9870.343847311839,10371.859291371447,-39326.85218750011,False,split_b,Q22p0_33p0_67p0_78p0
Q20p0_33p5_66p5_80p0,77,39,0.5064935064935064,333.8173741883132,659.0753285256442,0.7692307692307693,10039.600841343812,10550.867864062207,-39326.85218750011,False,split_b,Q22p0_33p0_67p0_78p0
Q20p0_34p0_66p0_80p0,77,39,0.5064935064935064,301.40138392857295,595.0745272435929,0.7435897435897436,10013.259590661128,10503.643836201267,-39326.85218750011,False,split_b,Q22p0_33p0_67p0_78p0
Q20p0_34p5_65p5_80p0,77,39,0.5064935064935064,201.3358198051961,397.5091826923104,0.7435897435897436,9996.99732110995,10443.8745290454,-40605.60218750011,False,split_b,Q22p0_33p0_67p0_78p0
Q20p0_35p0_65p0_80p0,77,36,0.4675324675324675,411.2044967532486,879.5207291666705,0.7777777777777778,10142.246089093618,10576.983069173182,-40605.60218750011,True,split_b,Q22p0_33p0_67p0_78p0
Q20p0_35p0_65p0_80p5,77,38,0.4935064935064935,418.1096509740285,847.222187500005,0.7368421052631579,10293.133720821754,10778.980113605414,-40605.60218750011,False,split_b,Q22p0_33p0_67p0_78p0
Q20p0_35p0_65p0_81p0,77,38,0.4935064935064935,321.8748133116908,652.2200164473734,0.6578947368421053,10339.791876100124,10846.263276476186,-40605.60218750011,False,split_b,Q22p0_33p0_67p0_78p0
Q20p0_35p0_65p0_81p5,77,38,0.4935064935064935,354.30997564935313,717.9438980263208,0.631578947368421,10311.160573000576,10814.806500876064,-35578.12718750011,False,split_b,Q22p0_33p0_67p0_78p0
Q20p0_35p0_65p0_82p0,77,40,0.5194805194805194,420.0261810064964,808.5503984375057,0.65,10207.876418509519,10737.636910692425,-35578.12718750011,False,split_b,Q22p0_33p0_67p0_78p0
Q20p0_35p5_64p5_80p0,77,37,0.4805194805194805,287.6243262987031,598.5695439189228,0.7027027027027027,10243.112637605145,10685.031526529958,-38637.78968750011,False,split_b,Q22p0_33p0_67p0_78p0
Q20p0_36p0_64p0_80p0,77,38,0.4935064935064935,332.98446834415734,674.7316858552664,0.7105263157894737,10150.965905668461,10608.393209481152,-38637.78968750011,False,split_b,Q22p0_33p0_67p0_78p0
Q20p0_36p5_63p5_80p0,77,38,0.4935064935064935,359.17359172078073,727.7991200657926,0.7105263157894737,10387.067047615541,10910.82419213096,-38637.78968750011,False,split_b,Q22p0_33p0_67p0_78p0
Q20p0_37p0_63p0_80p0,77,38,0.4935064935064935,358.90573457792357,727.256356907898,0.6842105263157895,10491.714940914184,11036.640819439273,-38637.78968750011,False,split_b,Q22p0_33p0_67p0_78p0
Q20p5_35p0_65p0_79p5,77,39,0.5064935064935064,566.7206818181832,1118.9100641025664,0.7948717948717948,10057.688216577155,10519.471493600027,-40605.60218750011,True,split_b,Q22p0_33p0_67p0_78p0
Q21p0_33p0_67p0_79p0,77,42,0.5454545454545454,605.1700892857164,1109.4784970238134,0.7857142857142857,9915.710830390974,10440.419780201348,-39326.85218750011,True,split_b,Q22p0_33p0_67p0_78p0
Q21p0_34p0_66p0_79p0,77,42,0.5454545454545454,549.7503612013,1007.8756622023839,0.7857142857142857,10109.252726433971,10646.394177597947,-39326.85218750011,True,split_b,Q22p0_33p0_67p0_78p0
Q21p0_35p0_65p0_79p0,77,40,0.5194805194805194,598.8527597402608,1152.7915625000026,0.8,10146.926214520417,10650.32521126624,-40605.60218750011,True,split_b,Q22p0_33p0_67p0_78p0
Q21p0_36p0_64p0_79p0,77,42,0.5454545454545454,516.6698092532476,947.2279836309542,0.7142857142857143,10056.099500376691,10530.517328212192,-38637.78968750011,False,split_b,Q22p0_33p0_67p0_78p0
Q21p0_37p0_63p0_79p0,77,40,0.5194805194805194,369.4967086038972,711.2811640625021,0.675,10144.805439897516,10617.556182208185,-38637.78968750011,False,split_b,Q22p0_33p0_67p0_78p0
Q21p5_35p0_65p0_78p5,77,40,0.5194805194805194,462.0254383116916,889.3989687500067,0.775,10384.477045718504,10958.008772391273,-40605.60218750011,True,split_b,Q22p0_33p0_67p0_78p0
Q22p0_33p0_67p0_78p0,77,41,0.5324675324675324,470.3674188311719,883.3729573170785,0.7804878048780488,9815.255626882546,10283.933375844403,-39326.85218750011,True,split_b,Q22p0_33p0_67p0_78p0
Q22p0_34p0_66p0_78p0,77,41,0.5324675324675324,414.94769074675526,779.2920045731751,0.7804878048780488,10178.477209407678,10725.255192112867,-39326.85218750011,False,split_b,Q22p0_33p0_67p0_78p0
Q22p0_35p0_65p0_78p0,77,40,0.5194805194805194,388.2034253246774,747.2915937500039,0.775,10527.25632801592,11147.49167868082,-40605.60218750011,False,split_b,Q22p0_33p0_67p0_78p0
Q22p0_36p0_64p0_78p0,77,40,0.5194805194805194,331.1944967532488,637.549406250004,0.7,10400.213885007946,10931.718616234799,-38637.78968750011,False,split_b,Q22p0_33p0_67p0_78p0
Q22p0_37p0_63p0_78p0,77,38,0.4935064935064935,189.97918831169048,384.9578289473728,0.631578947368421,10250.716372456336,10679.838584973486,-38637.78968750011,False,split_b,Q22p0_33p0_67p0_78p0
